abboj002,Abbott,Jeff,R,L,CHA,OF
alvaw001,Alvarez,Wilson,L,L,CHA,P
bainh001,Baines,Harold,L,L,CHA,DH
baldj002,Baldwin,James,R,R,CHA,P
bellj002,Belle,Albert,R,R,CHA,OF
berej002,Bere,Jason,R,R,CHA,P
bertm001,Bertotti,Mike,L,L,CHA,P
camem001,Cameron,Mike,R,R,CHA,OF
castc002,Castillo,Carlos,R,R,CHA,P
castt001,Castillo,Tony,L,L,CHA,P
clemc001,Clemons,Chris,R,R,CHA,P
cruzn001,Cruz,Nelson,R,R,CHA,P
darwd001,Darwin,Danny,R,R,CHA,P
darwj001,Darwin,Jeff,R,R,CHA,P
drabd001,Drabek,Doug,R,R,CHA,P
durhr001,Durham,Ray,B,R,CHA,2B
eyres001,Eyre,Scott,L,L,CHA,P
fabrj001,Fabregas,Jorge,L,R,CHA,C
fonvc001,Fonville,Chad,B,R,CHA,OF
fordt001,Fordham,Tom,L,L,CHA,P
foulk001,Foulke,Keith,R,R,CHA,P
guilo001,Guillen,Ozzie,L,R,CHA,SS
hernr001,Hernandez,Roberto,R,R,CHA,P
karcm001,Karchner,Matt,R,R,CHA,P
karkr001,Karkovice,Ron,R,R,CHA,C
kreuc001,Kreuter,Chad,B,R,CHA,C
levia001,Levine,Al,L,R,CHA,P
lewid001,Lewis,Darren,R,R,CHA,OF
machr001,Machado,Robert,R,R,CHA,C
martd002,Martinez,Dave,L,L,CHA,OF
martn001,Martin,Norberto,R,R,CHA,SS
mcelc001,McElroy,Chuck,L,L,CHA,P
moutl001,Mouton,Lyle,R,R,CHA,OF
navaj001,Navarro,Jaime,R,R,CHA,P
nortg001,Norton,Greg,B,R,CHA,3B
ordom001,Ordonez,Magglio,R,R,CHA,OF
penat001,Pena,Tony,R,R,CHA,C
philt001,Phillips,Tony,B,R,CHA,OF
simab001,Simas,Bill,L,R,CHA,P
sirom001,Sirotka,Mike,L,L,CHA,P
snopc001,Snopek,Chris,R,R,CHA,3B
thomf001,Thomas,Frank,R,R,CHA,1B
thoml001,Thomas,Larry,R,L,CHA,P
valdm002,Valdez,Mario,L,L,CHA,1B
ventr001,Ventura,Robin,L,R,CHA,3B
