adamt001,Adams,Terry,R,R,CHN,P
alexm001,Alexander,Manny,R,R,CHN,SS
batim001,Batista,Miguel,R,R,CHN,P
bottk001,Bottenfield,Kent,R,R,CHN,P
browb003,Brown,Brant,L,L,CHN,OF
cairm001,Cairo,Miguel,R,R,CHN,2B
casil001,Casian,Larry,R,L,CHN,P
castf001,Castillo,Frank,R,R,CHN,P
clard001,Clark,Dave,L,R,CHN,OF
clarm002,Clark,Mark,R,R,CHN,P
dunss001,Dunston,Shawon,R,R,CHN,SS
fostk001,Foster,Kevin,R,R,CHN,P
gland001,Glanville,Doug,R,R,CHN,OF
gonzj003,Gonzalez,Geremi,R,R,CHN,P
gracm001,Grace,Mark,L,L,CHN,1B
hansd001,Hansen,Dave,L,R,CHN,3B
hernj001,Hernandez,Jose,R,R,CHN,3B
houst001,Houston,Tyler,L,R,CHN,C
hubbm001,Hubbard,Mike,R,R,CHN,C
jennr001,Jennings,Robin,L,L,CHN,OF
johnl001,Johnson,Lance,L,L,CHN,OF
kiesb001,Kieschnick,Brooks,L,R,CHN,OF
lowet001,Lowery,Terrell,R,R,CHN,OF
mcrab001,McRae,Brian,B,R,CHN,OF
morer001,Morel,Ramon,R,R,CHN,P
mulht001,Mulholland,Terry,R,L,CHN,P
myerr002,Myers,Rodney,R,R,CHN,P
oriek001,Orie,Kevin,R,R,CHN,3B
pattb001,Patterson,Bob,R,L,CHN,P
piscm001,Pisciotta,Marc,R,R,CHN,P
rojam001,Rojas,Mel,R,R,CHN,P
sancr001,Sanchez,Rey,R,R,CHN,SS
sandr001,Sandberg,Ryne,R,R,CHN,2B
servs002,Servais,Scott,R,R,CHN,C
sosas001,Sosa,Sammy,R,R,CHN,OF
stevd001,Stevens,Dave,R,R,CHN,P
sward001,Swartzbaugh,Dave,R,R,CHN,P
tapak001,Tapani,Kevin,R,R,CHN,P
tatir001,Tatis,Ramon,L,L,CHN,P
telea001,Telemaco,Amaury,R,R,CHN,P
tracs001,Trachsel,Steve,R,R,CHN,P
wendt001,Wendell,Turk,B,R,CHN,P
