bagwj001,Bagwell,Jeff,R,R,HOU,1B
bassk001,Bass,Kevin,B,R,HOU,OF
biggc001,Biggio,Craig,R,R,HOU,2B
breas001,Bream,Sid,L,L,HOU,1B
camik001,Caminiti,Ken,B,R,HOU,3B
cedea001,Cedeno,Andujar,R,R,HOU,SS
donnc001,Donnels,Chris,L,R,HOU,3B
drabd001,Drabek,Doug,R,R,HOU,P
edent001,Edens,Tom,R,R,HOU,P
euset001,Eusebio,Tony,R,R,HOU,C
feldm001,Felder,Mike,B,R,HOU,OF
finls001,Finley,Steve,L,L,HOU,OF
gonzl001,Gonzalez,Luis,L,R,HOU,OF
hampm001,Hampton,Mike,R,L,HOU,P
harnp001,Harnisch,Pete,B,R,HOU,P
hudej001,Hudek,John,B,R,HOU,P
huntb002,Hunter,Brian,R,R,HOU,OF
jonet003,Jones,Todd,L,R,HOU,P
kiled001,Kile,Darryl,R,R,HOU,P
millo001,Miller,Orlando,R,R,HOU,SS
moutj001,Mouton,James,R,R,HOU,OF
petar001,Petagine,Roberto,L,L,HOU,1B
power001,Powell,Ross,L,L,HOU,P
reyns001,Reynolds,Shane,R,R,HOU,P
servs002,Servais,Scott,R,R,HOU,C
simmm001,Simms,Mike,R,R,HOU,OF
stana001,Stankiewicz,Andy,R,R,HOU,SS
swing001,Swindell,Greg,R,L,HOU,P
taube001,Taubensee,Ed,L,R,HOU,C
thomm001,Thompson,Milt,L,R,HOU,OF
vered001,Veres,Dave,R,R,HOU,P
willb001,Williams,Brian,R,R,HOU,P
willm002,Williams,Mitch,L,L,HOU,P
