abbop001,Abbott,Paul,R,R,MIN,P
aguir001,Aguilera,Rick,R,R,MIN,P
andea001,Anderson,Allan,L,L,MIN,P
baked001,Baker,Doug,B,R,MIN,2B
berej001,Berenguer,Juan,R,R,MIN,P
bushr001,Bush,Randy,L,L,MIN,OF
candj001,Candelaria,John,L,L,MIN,P
casil001,Casian,Larry,R,L,MIN,P
castc001,Castillo,Carmelo,R,R,MIN,DH
drumt001,Drummond,Tim,R,R,MIN,P
dwyej001,Dwyer,Jim,L,L,MIN,DH
erics001,Erickson,Scott,R,R,MIN,P
gaetg001,Gaetti,Gary,R,R,MIN,3B
gagng001,Gagne,Greg,R,R,MIN,SS
garcr001,Garces,Rich,R,R,MIN,P
gladd001,Gladden,Dan,R,R,MIN,OF
guthm001,Guthrie,Mark,R,L,MIN,P
halec001,Hale,Chip,L,R,MIN,2B
harpb001,Harper,Brian,R,R,MIN,C
hrbek001,Hrbek,Kent,L,R,MIN,1B
larkg001,Larkin,Gene,B,R,MIN,OF
leact001,Leach,Terry,R,R,MIN,P
leius001,Leius,Scott,R,R,MIN,SS
lirin001,Liriano,Nelson,B,R,MIN,2B
macks001,Mack,Shane,R,R,MIN,OF
manrf001,Manrique,Fred,R,R,MIN,2B
mosej001,Moses,John,B,L,MIN,OF
munop001,Munoz,Pedro,R,R,MIN,OF
newma001,Newman,Al,B,R,MIN,2B
ortij001,Ortiz,Junior,R,R,MIN,C
puckk001,Puckett,Kirby,R,R,MIN,OF
savaj001,Savage,Jack,R,R,MIN,P
smitr001,Smith,Roy,R,R,MIN,P
sorrp001,Sorrento,Paul,L,R,MIN,DH
tapak001,Tapani,Kevin,R,R,MIN,P
wayng001,Wayne,Gary,L,L,MIN,P
websl001,Webster,Lenny,R,R,MIN,C
westd001,West,David,L,L,MIN,P
yettr001,Yett,Rich,R,R,MIN,P
