abbok001,Abbott,Kyle,L,L,PHI,P
benng001,Bennett,Gary,R,R,PHI,PH
borlt001,Borland,Toby,R,R,PHI,P
bottr001,Bottalico,Ricky,L,R,PHI,P
carta001,Carter,Andy,L,L,PHI,P
charn001,Charlton,Norm,B,L,PHI,P
dauld001,Daulton,Darren,L,R,PHI,C
deshj001,Deshaies,Jim,L,L,PHI,P
duncm001,Duncan,Mariano,R,R,PHI,2B
dyksl001,Dykstra,Lenny,L,L,PHI,OF
eisej001,Eisenreich,Jim,L,L,PHI,OF
elstk001,Elster,Kevin,R,R,PHI,SS
ferns001,Fernandez,Sid,L,L,PHI,P
fletp001,Fletcher,Paul,R,R,PHI,P
flork001,Flora,Kevin,R,R,PHI,OF
freys001,Frey,Steve,R,L,PHI,P
galld001,Gallagher,Dave,R,R,PHI,OF
gracm002,Grace,Mike,R,R,PHI,P
greet001,Greene,Tommy,R,R,PHI,P
greet002,Green,Tyler,R,R,PHI,P
harrg003,Harris,Gene,R,R,PHI,P
hayec001,Hayes,Charlie,R,R,PHI,3B
holld001,Hollins,Dave,B,R,PHI,1B
jeffg001,Jefferies,Gregg,B,R,PHI,1B
jordk001,Jordan,Kevin,R,R,PHI,2B
judej001,Juden,Jeff,R,R,PHI,P
karpr001,Karp,Ryan,L,L,PHI,P
liebm001,Lieberthal,Mike,R,R,PHI,C
longt001,Longmire,Tony,L,R,PHI,OF
marst001,Marsh,Tom,R,R,PHI,OF
mimbm001,Mimbs,Mike,L,L,PHI,P
moram001,Morandini,Mickey,L,R,PHI,2B
munob001,Munoz,Bobby,R,R,PHI,P
olivo001,Olivares,Omar,R,R,PHI,P
quanp001,Quantrill,Paul,L,R,PHI,P
readr001,Ready,Randy,R,R,PHI,1B
riccc001,Ricci,Chuck,R,R,PHI,P
schag001,Schall,Gene,R,R,PHI,1B
schic002,Schilling,Curt,R,R,PHI,P
sefck001,Sefcik,Kevin,R,R,PHI,3B
sloch001,Slocumb,Heathcliff,R,R,PHI,P
sprid001,Springer,Dennis,R,R,PHI,P
sprir001,Springer,Russ,R,R,PHI,P
stock001,Stocker,Kevin,B,R,PHI,SS
vansa001,Van Slyke,Andy,L,R,PHI,OF
varsg001,Varsho,Gary,L,R,PHI,OF
websl001,Webster,Lenny,R,R,PHI,C
westd001,West,David,L,L,PHI,P
whitm001,Whiten,Mark,B,R,PHI,OF
willm005,Williams,Mike,R,R,PHI,P
