andel001,Andersen,Larry,R,R,PHI,P
batik002,Batiste,Kim,R,R,PHI,3B
borlt001,Borland,Toby,R,R,PHI,P
bosks001,Boskie,Shawn,R,R,PHI,P
bottr001,Bottalico,Ricky,L,R,PHI,P
carta001,Carter,Andy,L,L,PHI,P
chamw001,Chamberlain,Wes,R,R,PHI,OF
dauld001,Daulton,Darren,L,R,PHI,C
duncm001,Duncan,Mariano,R,R,PHI,2B
dyksl001,Dykstra,Lenny,L,L,PHI,OF
edent001,Edens,Tom,R,R,PHI,P
eisej001,Eisenreich,Jim,L,L,PHI,OF
greet001,Greene,Tommy,R,R,PHI,P
hatcb001,Hatcher,Billy,R,R,PHI,OF
holld001,Hollins,Dave,B,R,PHI,3B
incap001,Incaviglia,Pete,R,R,PHI,OF
jackd001,Jackson,Danny,R,L,PHI,P
joned001,Jones,Doug,R,R,PHI,P
jordr001,Jordan,Ricky,R,R,PHI,1B
judej001,Juden,Jeff,R,R,PHI,P
krukj001,Kruk,John,L,L,PHI,1B
liebm001,Lieberthal,Mike,R,R,PHI,C
longt001,Longmire,Tony,L,R,PHI,OF
marst001,Marsh,Tom,R,R,PHI,OF
masor001,Mason,Roger,R,R,PHI,P
moram001,Morandini,Mickey,L,R,PHI,2B
munob001,Munoz,Bobby,R,R,PHI,P
pratt001,Pratt,Todd,R,R,PHI,C
quanp001,Quantrill,Paul,L,R,PHI,P
quint001,Quinlan,Tom,R,R,PHI,3B
readr001,Ready,Randy,R,R,PHI,2B
riveb001,Rivera,Ben,R,R,PHI,P
schic002,Schilling,Curt,R,R,PHI,P
sloch001,Slocumb,Heathcliff,R,R,PHI,P
stock001,Stocker,Kevin,B,R,PHI,SS
thomm001,Thompson,Milt,L,R,PHI,OF
valef001,Valenzuela,Fernando,L,L,PHI,P
wellb002,Wells,Bob,R,R,PHI,P
westd001,West,David,L,L,PHI,P
willm005,Williams,Mike,R,R,PHI,P
