asseb101,Asselstine,Brian,L,R,ATL,OF
autra101,Autry,Al,R,R,ATL,P
bearm101,Beard,Mike,L,L,ATL,P
bellr102,Belloir,Rob,R,R,ATL,SS
campr001,Camp,Rick,R,R,ATL,P
caprb101,Capra,Buzz,R,R,ATL,P
chand101,Chaney,Darrel,B,R,ATL,SS
corrv101,Correll,Vic,R,R,ATL,C
crowt101,Crowley,Terry,L,L,ATL,PH
dalcb101,Dal Canton,Bruce,R,R,ATL,P
devia101,Devine,Adrian,R,R,ATL,P
eastj001,Easterly,Jamie,L,L,ATL,P
edenm101,Eden,Mike,B,R,ATL,2B
evand001,Evans,Darrell,L,R,ATL,1B
gastc101,Gaston,Cito,R,R,ATL,OF
gilbr101,Gilbreath,Rod,R,R,ATL,2B
hannp101,Hanna,Preston,R,R,ATL,P
hendk101,Henderson,Ken,B,R,ATL,OF
lacof001,LaCorte,Frank,R,R,ATL,P
lacyl001,Lacy,Lee,R,R,ATL,2B
leonm101,Leon,Max,R,R,ATL,P
marsm101,Marshall,Mike,R,R,ATL,P
may-d101,May,Dave,L,R,ATL,OF
messa101,Messersmith,Andy,R,R,ATL,P
montw101,Montanez,Willie,L,L,ATL,1B
moorj101,Moore,Junior,R,R,ATL,3B
morer101,Moret,Roger,B,L,ATL,P
mortc102,Morton,Carl,R,R,ATL,P
murpd001,Murphy,Dale,R,R,ATL,C
niekp001,Niekro,Phil,R,R,ATL,P
offir101,Office,Rowland,L,L,ATL,OF
pacit001,Paciorek,Tom,R,R,ATL,OF
perem101,Perez,Marty,R,R,ATL,2B
pocob001,Pocoroba,Biff,B,R,ATL,C
robic101,Robinson,Craig,R,R,ATL,2B
rockp101,Rockett,Pat,R,R,ATL,SS
roysj001,Royster,Jerry,R,R,ATL,3B
ruthd001,Ruthven,Dick,R,R,ATL,P
sosae101,Sosa,Elias,R,R,ATL,P
torrp101,Torrealba,Pablo,L,L,ATL,P
varnp101,Varney,Pete,R,R,ATL,C
wille101,Williams,Earl,R,R,ATL,C
wynnj101,Wynn,Jim,R,R,ATL,OF
