asseb101,Asselstine,Brian,L,R,ATL,OF
bealb101,Beall,Bob,B,L,ATL,1B
bellr102,Belloir,Rob,R,R,ATL,3B
beneb001,Benedict,Bruce,R,R,ATL,C
boggt001,Boggs,Tommy,R,R,ATL,P
bonnb001,Bonnell,Barry,R,R,ATL,OF
boutj101,Bouton,Jim,R,R,ATL,P
burrj001,Burroughs,Jeff,R,R,ATL,OF
campd102,Campbell,Dave,R,R,ATL,P
campr001,Camp,Rick,R,R,ATL,P
chand101,Chaney,Darrel,B,R,ATL,SS
davem101,Davey,Mike,R,L,ATL,P
devia101,Devine,Adrian,R,R,ATL,P
eastj001,Easterly,Jamie,L,L,ATL,P
garbg001,Garber,Gene,R,R,ATL,P
gastc101,Gaston,Cito,R,R,ATL,OF
gilbr101,Gilbreath,Rod,R,R,ATL,3B
hannp101,Hanna,Preston,R,R,ATL,P
hornb001,Horner,Bob,R,R,ATL,3B
hubbg001,Hubbard,Glenn,R,R,ATL,2B
lacof001,LaCorte,Frank,R,R,ATL,P
leonm101,Leon,Max,R,R,ATL,P
maddj101,Maddox,Jerry,R,R,ATL,3B
mahlm001,Mahler,Mickey,B,L,ATL,P
mattg001,Matthews,Gary,R,R,ATL,OF
mcwil001,McWilliams,Larry,L,L,ATL,P
mille001,Miller,Eddie,B,R,ATL,OF
murpd001,Murphy,Dale,R,R,ATL,1B
niekp001,Niekro,Phil,R,R,ATL,P
nolaj001,Nolan,Joe,L,R,ATL,C
offir101,Office,Rowland,L,L,ATL,OF
pacit001,Paciorek,Tom,R,R,ATL,1B
pocob001,Pocoroba,Biff,B,R,ATL,C
rockp101,Rockett,Pat,R,R,ATL,SS
roysj001,Royster,Jerry,R,R,ATL,2B
ruizc101,Ruiz,Chico,R,R,ATL,2B
ruthd001,Ruthven,Dick,R,R,ATL,P
skokc101,Skok,Craig,R,L,ATL,P
smalh101,Small,Hank,R,R,ATL,1B
soloe101,Solomon,Eddie,R,R,ATL,P
theid101,Theiss,Duane,R,R,ATL,P
whisl101,Whisenton,Larry,L,L,ATL,OF
