alexd001,Alexander,Doyle,R,R,BAL,P
bailb001,Bailor,Bob,R,R,BAL,DH
belam101,Belanger,Mark,R,R,BAL,SS
blaip101,Blair,Paul,R,R,BAL,OF
bumba001,Bumbry,Al,L,R,BAL,OF
crowt101,Crowley,Terry,L,L,BAL,DH
cuelm101,Cuellar,Mike,L,L,BAL,P
dauer001,Dauer,Rich,R,R,BAL,2B
decid001,DeCinces,Doug,R,R,BAL,3B
dempr001,Dempsey,Rick,R,R,BAL,C
duncd101,Duncan,Dave,R,R,BAL,C
flanm001,Flanagan,Mike,L,L,BAL,P
garck001,Garcia,Kiko,R,R,BAL,SS
garlw101,Garland,Wayne,R,R,BAL,P
gricb001,Grich,Bobby,R,R,BAL,2B
grimr101,Grimsley,Ross,L,L,BAL,P
harpt101,Harper,Tommy,R,R,BAL,DH
hende103,Hendricks,Elrod,L,R,BAL,C
holdf101,Holdsworth,Fred,R,R,BAL,P
holtk101,Holtzman,Ken,R,L,BAL,P
jackg101,Jackson,Grant,B,L,BAL,P
jackr001,Jackson,Reggie,L,L,BAL,OF
martd001,Martinez,Dennis,R,R,BAL,P
martt001,Martinez,Tippy,L,L,BAL,P
may-l101,May,Lee,R,R,BAL,1B
may-r101,May,Rudy,L,L,BAL,P
mcgrs001,McGregor,Scott,B,L,BAL,P
milld101,Miller,Dyar,R,R,BAL,P
moraa101,Mora,Andres,R,R,BAL,DH
muset101,Muser,Tony,L,L,BAL,1B
nordt101,Nordbrook,Tim,R,R,BAL,2B
pagad101,Pagan,Dave,R,R,BAL,P
palmj001,Palmer,Jim,R,R,BAL,P
robib104,Robinson,Brooks,R,R,BAL,3B
shopt101,Shopay,Tom,L,R,BAL,OF
singk001,Singleton,Ken,B,R,BAL,OF
stilr102,Stillman,Royle,L,L,BAL,DH
