adamg101,Adams,Glenn,L,R,MIN,DH
bacsm101,Bacsik,Mike,R,R,MIN,P
borgg101,Borgmann,Glenn,R,R,MIN,C
bretk101,Brett,Ken,L,L,MIN,P
castj001,Castino,John,R,R,MIN,3B
cubbm101,Cubbage,Mike,L,R,MIN,3B
edwad101,Edwards,Dave,R,R,MIN,OF
ericr101,Erickson,Roger,R,R,MIN,P
feltt101,Felton,Terry,R,R,MIN,P
goltd101,Goltz,Dave,R,R,MIN,P
goodd101,Goodwin,Danny,L,R,MIN,DH
grahd101,Graham,Dan,L,R,MIN,DH
hartp001,Hartzell,Paul,R,R,MIN,P
hollj102,Holly,Jeff,L,L,MIN,P
jackd101,Jackson,Darrell,B,L,MIN,P
jackr002,Jackson,Ron,R,R,MIN,1B
koosj001,Koosman,Jerry,R,L,MIN,P
kusic101,Kusick,Craig,R,R,MIN,DH
landk001,Landreaux,Ken,L,R,MIN,OF
marsm101,Marshall,Mike,R,R,MIN,P
moraj001,Morales,Jose,R,R,MIN,DH
norww101,Norwood,Willie,R,R,MIN,OF
poweh101,Powell,Hosken,L,L,MIN,OF
randb101,Randall,Bob,R,R,MIN,2B
redfp101,Redfern,Pete,R,R,MIN,P
riveb101,Rivera,Bombo,R,R,MIN,OF
serug101,Serum,Gary,R,R,MIN,P
smalr001,Smalley,Roy,B,R,MIN,SS
sofir101,Sofield,Rick,L,R,MIN,OF
stank101,Stanfield,Kevin,L,L,MIN,P
thorp101,Thormodsgard,Paul,R,R,MIN,P
vegaj101,Vega,Jesus,R,R,MIN,DH
wardg001,Ward,Gary,R,R,MIN,OF
wilfr001,Wilfong,Rob,L,R,MIN,2B
wyneb001,Wynegar,Butch,B,R,MIN,C
zahng001,Zahn,Geoff,L,L,MIN,P
