aased001,Aase,Don,R,R,BAL,P
belle001,Bell,Eric,L,L,BAL,P
boddm001,Boddicker,Mike,R,R,BAL,P
connf001,Connally,Fritzie,R,R,BAL,3B
dauer001,Dauer,Rich,R,R,BAL,2B
davis001,Davis,Storm,R,R,BAL,P
dempr001,Dempsey,Rick,R,R,BAL,C
dixok001,Dixon,Ken,B,R,BAL,P
dwyej001,Dwyer,Jim,L,L,BAL,OF
flanm001,Flanagan,Mike,L,L,BAL,P
fordd001,Ford,Dan,R,R,BAL,DH
grosw001,Gross,Wayne,L,R,BAL,3B
habyj001,Habyan,John,R,R,BAL,P
haveb001,Havens,Brad,L,L,BAL,P
hernl002,Hernandez,Leo,R,R,BAL,DH
huffp001,Huffman,Phil,R,R,BAL,P
lacyl001,Lacy,Lee,R,R,BAL,OF
lowej001,Lowenstein,John,L,R,BAL,DH
lynnf001,Lynn,Fred,L,L,BAL,OF
martd001,Martinez,Dennis,R,R,BAL,P
martt001,Martinez,Tippy,L,L,BAL,P
mcgrs001,McGregor,Scott,B,L,BAL,P
murre001,Murray,Eddie,B,R,BAL,1B
nolaj001,Nolan,Joe,L,R,BAL,C
omalt001,O'Malley,Tom,L,R,BAL,3B
parda001,Pardo,Al,B,R,BAL,C
parik001,Paris,Kelly,R,R,BAL,2B
rayff001,Rayford,Floyd,R,R,BAL,3B
ripkc001,Ripken,Cal,R,R,BAL,SS
roeng001,Roenicke,Gary,R,R,BAL,OF
sakal001,Sakata,Lenn,R,R,BAL,2B
sheel001,Sheets,Larry,L,R,BAL,DH
shelj001,Shelby,John,B,R,BAL,OF
sneln001,Snell,Nate,R,R,BAL,P
stews001,Stewart,Sammy,R,R,BAL,P
swagb001,Swaggerty,Bill,R,R,BAL,P
wigga001,Wiggins,Alan,B,R,BAL,2B
younm002,Young,Mike,B,R,BAL,OF
