aased001,Aase,Don,R,R,CAL,P
benij001,Beniquez,Juan,R,R,CAL,OF
boonb001,Boone,Bob,R,R,CAL,C
browm002,Brown,Mike,R,R,CAL,OF
brows001,Brown,Steve,R,R,CAL,P
burlr001,Burleson,Rick,R,R,CAL,PH
carer001,Carew,Rod,L,R,CAL,1B
clibs001,Cliburn,Stew,R,R,CAL,P
corbd001,Corbett,Doug,R,R,CAL,P
curtj001,Curtis,John,L,L,CAL,P
decid001,DeCinces,Doug,R,R,CAL,3B
downb001,Downing,Brian,R,R,CAL,OF
forsk001,Forsch,Ken,R,R,CAL,P
gricb001,Grich,Bobby,R,R,CAL,2B
jackr001,Jackson,Reggie,L,L,CAL,DH
jackr002,Jackson,Ron,R,R,CAL,1B
johnt001,John,Tommy,R,L,CAL,P
kaufc001,Kaufman,Curt,R,R,CAL,P
kisob001,Kison,Bruce,R,R,CAL,P
lacof001,LaCorte,Frank,R,R,CAL,P
lynnf001,Lynn,Fred,L,L,CAL,OF
milld001,Miller,Darrell,R,R,CAL,1B
narrj001,Narron,Jerry,L,R,CAL,C
pettg001,Pettis,Gary,B,R,CAL,OF
piccr001,Picciolo,Rob,R,R,CAL,SS
romar001,Romanick,Ron,R,R,CAL,P
sancl001,Sanchez,Luis,R,R,CAL,P
schod001,Schofield,Dick,R,R,CAL,SS
scond001,Sconiers,Daryl,L,L,CAL,1B
slatj001,Slaton,Jim,R,R,CAL,P
smitd002,Smith,Dave,R,R,CAL,P
steir001,Steirer,Rick,R,R,CAL,P
swanc001,Swan,Craig,R,R,CAL,P
thomd001,Thomas,Derrel,B,R,CAL,OF
wilfr001,Wilfong,Rob,L,R,CAL,2B
wittm001,Witt,Mike,R,R,CAL,P
zahng001,Zahn,Geoff,L,L,CAL,P
