bainh001,Baines,Harold,L,L,CHA,DH
bittj001,Bittiger,Jeff,R,R,CHA,P
bostd001,Boston,Daryl,L,L,CHA,OF
caldi001,Calderon,Ivan,R,R,CHA,OF
davij002,Davis,Joel,L,R,CHA,P
davij003,Davis,John,R,R,CHA,P
diazm001,Diaz,Mike,R,R,CHA,1B
fiskc001,Fisk,Carlton,R,R,CHA,C
galld001,Gallagher,Dave,R,R,CHA,OF
guilo001,Guillen,Ozzie,L,R,CHA,SS
hairj001,Hairston,Jerry,B,R,CHA,PH
hilld001,Hill,Donnie,B,R,CHA,2B
hills001,Hillegas,Shawn,R,R,CHA,P
hortr001,Horton,Ricky,L,L,CHA,P
johnl001,Johnson,Lance,L,L,CHA,OF
joneb002,Jones,Barry,R,R,CHA,P
karkr001,Karkovice,Ron,R,R,CHA,C
lapod001,LaPoint,Dave,L,L,CHA,P
longb002,Long,Bill,R,R,CHA,P
lyons001,Lyons,Steve,L,R,CHA,3B
manrf001,Manrique,Fred,R,R,CHA,2B
manzr001,Manzanillo,Ravelo,L,L,CHA,P
martc002,Martinez,Carlos,R,R,CHA,3B
mccam001,McCarthy,Tom,R,R,CHA,P
mcdoj001,McDowell,Jack,R,R,CHA,P
mormr001,Morman,Russ,R,R,CHA,1B
palld001,Pall,Donn,R,R,CHA,P
parik001,Paris,Kelly,R,R,CHA,1B
pasqd001,Pasqua,Dan,L,L,CHA,OF
pattk001,Patterson,Ken,L,L,CHA,P
pawlj001,Pawlowski,John,R,R,CHA,P
perem001,Perez,Melido,R,R,CHA,P
petea001,Peterson,Adam,R,R,CHA,P
randj001,Randall,Sap,B,R,CHA,1B
redug001,Redus,Gary,R,R,CHA,OF
reusj001,Reuss,Jerry,L,L,CHA,P
roses001,Rosenberg,Steve,L,L,CHA,P
salam001,Salas,Mark,L,R,CHA,C
seguj001,Segura,Jose,R,R,CHA,P
thigb001,Thigpen,Bobby,R,R,CHA,P
walkg001,Walker,Greg,L,R,CHA,1B
willc001,Willis,Carl,L,R,CHA,P
willk001,Williams,Ken,R,R,CHA,OF
woodm001,Woodard,Mike,L,R,CHA,2B
