bargg001,Bargar,Greg,R,R,MON,P
breif001,Breining,Fred,R,R,MON,P
butes001,Butera,Sal,R,R,MON,C
cartg001,Carter,Gary,R,R,MON,C
dawsa001,Dawson,Andre,R,R,MON,OF
dilom001,Dilone,Miguel,B,R,MON,OF
dried001,Driessen,Dan,L,R,MON,1B
flynd001,Flynn,Doug,R,R,MON,2B
frant001,Francona,Terry,L,L,MON,1B
fuenm001,Fuentes,Mike,R,R,MON,OF
gonzr001,Gonzales,Rene,R,R,MON,SS
grapr001,Grapenthin,Rick,R,R,MON,P
gullb001,Gullickson,Bill,R,R,MON,P
harrg001,Harris,Greg,B,R,MON,P
heskj001,Hesketh,Joe,L,L,MON,P
jameb001,James,Bob,R,R,MON,P
johnr002,Johnson,Ron,R,R,MON,1B
johnr003,Johnson,Roy,L,L,MON,OF
johnw001,Johnson,Wallace,B,R,MON,1B
lawlt001,Lawless,Tom,R,R,MON,2B
lea-c001,Lea,Charlie,R,R,MON,P
littb001,Little,Bryan,B,R,MON,2B
lucag001,Lucas,Gary,L,L,MON,P
mcgaa001,McGaffigan,Andy,R,R,MON,P
palmd001,Palmer,David,R,R,MON,P
raint001,Raines,Tim,B,R,MON,OF
ramor001,Ramos,Bobby,R,R,MON,C
ramsm001,Ramsey,Mike,B,R,MON,SS
rearj001,Reardon,Jeff,R,R,MON,P
roges001,Rogers,Steve,R,R,MON,P
rosep001,Rose,Pete,B,R,MON,1B
salaa001,Salazar,Angel,R,R,MON,SS
schad001,Schatzeder,Dan,L,L,MON,P
scott001,Scott,Tony,B,R,MON,OF
shinr001,Shines,Razor,B,R,MON,1B
smitb001,Smith,Bryn,R,R,MON,P
speic001,Speier,Chris,R,R,MON,SS
stclr001,St. Claire,Randy,R,R,MON,P
stenm001,Stenhouse,Mike,L,R,MON,OF
thomd001,Thomas,Derrel,B,R,MON,SS
venam001,Venable,Max,L,R,MON,OF
wallt001,Wallach,Tim,R,R,MON,3B
wohlj001,Wohlford,Jim,R,R,MON,OF
