aaroh101,Aaron,Hank,R,R,ATL,OF
alouf101,Alou,Felipe,R,R,ATL,1B
beauj101,Beauchamp,Jim,R,R,ATL,PH
blasw101,Blasingame,Wade,L,L,ATL,P
boyec102,Boyer,Clete,R,R,ATL,3B
britj101,Britton,Jim,R,R,ATL,P
brucb101,Bruce,Bob,R,R,ATL,P
carrc103,Carroll,Clay,R,R,ATL,P
cartr101,Carty,Rico,R,R,ATL,OF
clarg104,Clark,Glen,B,R,ATL,PH
clint101,Cline,Ty,L,L,ATL,OF
clont101,Cloninger,Tony,R,R,ATL,P
delam101,de la Hoz,Mike,R,R,ATL,2B
frant101,Francona,Tito,L,L,ATL,1B
gastc101,Gaston,Cito,R,R,ATL,OF
geigg101,Geiger,Gary,L,R,ATL,OF
hermr101,Hermoso,Remy,R,R,ATL,SS
hernr102,Hernandez,Ramon,B,L,ATL,P
jarvp101,Jarvis,Pat,R,R,ATL,P
johnk102,Johnson,Ken,R,R,ATL,P
jonem102,Jones,Mack,L,R,ATL,OF
kelld102,Kelley,Dick,R,L,ATL,P
lau-c101,Lau,Charlie,L,R,ATL,PH
lemad102,Lemaster,Denny,R,L,ATL,P
lum-m101,Lum,Mike,L,L,ATL,OF
martm102,Martinez,Marty,B,R,ATL,SS
menkd101,Menke,Denis,R,R,ATL,SS
millf105,Millan,Felix,R,R,ATL,2B
nichd101,Nicholson,Dave,R,R,ATL,OF
niekp001,Niekro,Phil,R,R,ATL,P
olivg101,Oliver,Gene,R,R,ATL,C
rakoe101,Rakow,Ed,B,R,ATL,P
raymc101,Raymond,Claude,R,R,ATL,P
reedr001,Reed,Ron,R,R,ATL,P
ritcj101,Ritchie,Jay,R,R,ATL,P
schwd101,Schwall,Don,R,R,ATL,P
stong102,Stone,George,L,L,ATL,P
torrj101,Torre,Joe,R,R,ATL,C
ueckb101,Uecker,Bob,R,R,ATL,C
upshc101,Upshaw,Cecil,R,R,ATL,P
woodw101,Woodward,Woody,R,R,ATL,2B
