aaroh101,Aaron,Hank,R,R,ATL,OF
aarot101,Aaron,Tommie,R,R,ATL,OF
alouf101,Alou,Felipe,R,R,ATL,OF
baked002,Baker,Dusty,R,R,ATL,OF
boyec102,Boyer,Clete,R,R,ATL,3B
britj101,Britton,Jim,R,R,ATL,P
carrc103,Carroll,Clay,R,R,ATL,P
causw101,Causey,Wayne,L,R,ATL,2B
clont101,Cloninger,Tony,R,R,ATL,P
davit102,Davidson,Ted,R,L,ATL,P
frant101,Francona,Tito,L,L,ATL,OF
garrg101,Garrido,Gil,R,R,ATL,SS
garrr101,Garr,Ralph,L,R,ATL,PH
guins101,Guinn,Skip,R,L,ATL,P
hrinw101,Hriniak,Walt,L,R,ATL,C
jacks102,Jackson,Sonny,L,R,ATL,SS
jarvp101,Jarvis,Pat,R,R,ATL,P
johnb104,Johnson,Bob,R,R,ATL,3B
johnd103,Johnson,Deron,R,R,ATL,1B
johnk102,Johnson,Ken,R,R,ATL,P
kelld102,Kelley,Dick,R,L,ATL,P
kestr101,Kester,Rick,R,R,ATL,P
lum-m101,Lum,Mike,L,L,ATL,OF
martm102,Martinez,Marty,B,R,ATL,SS
millf105,Millan,Felix,R,R,ATL,2B
mills101,Miller,Stu,R,R,ATL,P
niekp001,Niekro,Phil,R,R,ATL,P
pagem101,Page,Mike,L,R,ATL,OF
pappm101,Pappas,Milt,R,R,ATL,P
raymc101,Raymond,Claude,R,R,ATL,P
reedr001,Reed,Ron,R,R,ATL,P
santa101,Santorini,Al,R,R,ATL,P
stong102,Stone,George,L,L,ATL,P
tillb101,Tillman,Bob,R,R,ATL,C
torrj101,Torre,Joe,R,R,ATL,C
upshc101,Upshaw,Cecil,R,R,ATL,P
valds101,Valdespino,Sandy,L,L,ATL,OF
woodw101,Woodward,Woody,R,R,ATL,SS
