aloms001,Alomar,Sandy,R,R,CHA,C
bainh001,Baines,Harold,L,L,CHA,DH
baldj002,Baldwin,James,R,R,CHA,P
barcl001,Barcelo,Lorenzo,R,R,CHA,P
biddr001,Biddle,Rocky,R,R,CHA,P
buehm001,Buehrle,Mark,L,L,CHA,P
cansj001,Canseco,Jose,R,R,CHA,DH
chrim002,Christensen,McKay,L,L,CHA,OF
clayr001,Clayton,Royce,R,R,CHA,SS
credj001,Crede,Joe,R,R,CHA,3B
dalem001,Dalesandro,Mark,R,R,CHA,C
durhr001,Durham,Ray,B,R,CHA,2B
eldrc001,Eldred,Cal,R,R,CHA,P
embra001,Embree,Alan,L,L,CHA,P
foggj001,Fogg,Josh,R,R,CHA,P
foulk001,Foulke,Keith,R,R,CHA,P
garlj001,Garland,Jon,R,R,CHA,P
gintm001,Ginter,Matt,R,R,CHA,P
glovg001,Glover,Gary,R,R,CHA,P
graft001,Graffanino,Tony,R,R,CHA,3B
howrb001,Howry,Bob,L,R,CHA,P
johnm003,Johnson,Mark,L,R,CHA,C
konep001,Konerko,Paul,R,R,CHA,1B
lee-c001,Lee,Carlos,R,R,CHA,OF
liefj001,Liefer,Jeff,L,R,CHA,OF
lowes001,Lowe,Sean,R,R,CHA,P
ordom001,Ordonez,Magglio,R,R,CHA,OF
osuna002,Osuna,Antonio,R,R,CHA,P
parqj001,Parque,Jim,L,L,CHA,P
paulj001,Paul,Josh,R,R,CHA,C
perrh001,Perry,Herbert,R,R,CHA,3B
pulsb001,Pulsipher,Bill,L,L,CHA,P
ramij001,Ramirez,Julio,R,R,CHA,OF
rowaa001,Rowand,Aaron,R,R,CHA,OF
singc001,Singleton,Chris,L,L,CHA,OF
thomf001,Thomas,Frank,R,R,CHA,DH
valej003,Valentin,Jose,B,R,CHA,3B
vinik001,Vining,Ken,L,L,CHA,P
welld001,Wells,David,L,L,CHA,P
wellk001,Wells,Kip,R,R,CHA,P
wrigd001,Wright,Dan,R,R,CHA,P
wunsk001,Wunsch,Kelly,L,L,CHA,P
