allec001,Allen,Chad,R,R,MIN,OF
balfg001,Balfour,Grant,R,R,MIN,P
barnj001,Barnes,John,R,R,MIN,OF
blakc001,Blake,Casey,R,R,MIN,3B
buchb002,Buchanan,Brian,R,R,MIN,OF
carrh001,Carrasco,Hector,R,R,MIN,P
cresj001,Cressend,Jack,R,R,MIN,P
cuddm001,Cuddyer,Michael,R,R,MIN,1B
duvam001,Duvall,Mike,R,L,MIN,P
fiort001,Fiore,Tony,R,R,MIN,P
guare001,Guardado,Eddie,R,L,MIN,P
guzmc001,Guzman,Cristian,B,R,MIN,SS
hawkl001,Hawkins,LaTroy,R,R,MIN,P
hockd001,Hocking,Denny,B,R,MIN,SS
huntt001,Hunter,Torii,R,R,MIN,OF
johna001,Johnson,Adam,R,R,MIN,P
jonej003,Jones,Jacque,L,L,MIN,OF
jonet003,Jones,Todd,L,R,MIN,P
kielb001,Kielty,Bobby,B,R,MIN,OF
koskc001,Koskie,Corey,L,R,MIN,3B
lawtm002,Lawton,Matt,L,R,MIN,OF
lecrm001,LeCroy,Matt,R,R,MIN,DH
lohsk001,Lohse,Kyle,R,R,MIN,P
maxwj001,Maxwell,Jason,R,R,MIN,SS
maysj001,Mays,Joe,B,R,MIN,P
mccrq001,McCracken,Quinton,B,R,MIN,OF
miend001,Mientkiewicz,Doug,L,R,MIN,1B
millt001,Miller,Travis,R,L,MIN,P
milte001,Milton,Eric,L,L,MIN,P
mohrd001,Mohr,Dustan,R,R,MIN,OF
ortid001,Ortiz,David,L,L,MIN,DH
piera001,Pierzynski,A.J.,L,R,MIN,C
print001,Prince,Tom,R,R,MIN,C
radkb001,Radke,Brad,R,R,MIN,P
redmm002,Redman,Mark,L,L,MIN,P
reedr002,Reed,Rick,R,R,MIN,P
rincj001,Rincon,Juan,R,R,MIN,P
rival001,Rivas,Luis,R,R,MIN,2B
romej001,Romero,J.C.,B,L,MIN,P
santj003,Santana,Johan,L,L,MIN,P
thomb001,Thomas,Brad,L,L,MIN,P
wellb002,Wells,Bob,R,R,MIN,P
