ayall001,Ayala,Luis,R,R,MIN,P
bakes002,Baker,Scott,R,R,MIN,P
blacn001,Blackburn,Nick,R,R,MIN,P
bresc001,Breslow,Craig,L,L,MIN,P
buscb001,Buscher,Brian,L,R,MIN,3B
cabro001,Cabrera,Orlando,R,R,MIN,SS
casia001,Casilla,Alexi,B,R,MIN,2B
craij001,Crain,Jesse,R,R,MIN,P
credj001,Crede,Joe,R,R,MIN,3B
cuddm001,Cuddyer,Michael,R,R,MIN,OF
dickr001,Dickey,R.A.,R,R,MIN,P
duenb001,Duensing,Brian,L,L,MIN,P
gabia001,Gabino,Armando,R,R,MIN,P
gomec002,Gomez,Carlos,R,R,MIN,OF
guerm001,Guerrier,Matt,R,R,MIN,P
harrb001,Harris,Brendan,R,R,MIN,SS
henns001,Henn,Sean,R,L,MIN,P
hubej001,Huber,Justin,R,R,MIN,1B
humbp001,Humber,Philip,R,R,MIN,P
keppb001,Keppel,Bobby,R,R,MIN,P
kubej002,Kubel,Jason,L,R,MIN,DH
lirif001,Liriano,Francisco,L,L,MIN,P
mahar001,Mahay,Ron,L,L,MIN,P
mansj001,Manship,Jeff,R,R,MIN,P
mauej001,Mauer,Joe,L,R,MIN,C
mijaj001,Mijares,Jose,L,L,MIN,P
moraj002,Morales,Jose,B,R,MIN,C
morij001,Morillo,Juan,R,R,MIN,P
mornj001,Morneau,Justin,L,R,MIN,1B
mulvk001,Mulvey,Kevin,R,R,MIN,P
nathj001,Nathan,Joe,R,R,MIN,P
pavac001,Pavano,Carl,R,R,MIN,P
perkg001,Perkins,Glen,L,L,MIN,P
pridj001,Pridie,Jason,L,R,MIN,PR
puntn001,Punto,Nick,B,R,MIN,2B
raucj001,Rauch,Jon,R,R,MIN,P
redmm001,Redmond,Mike,R,R,MIN,C
slowk001,Slowey,Kevin,R,R,MIN,P
spand001,Span,Denard,L,L,MIN,OF
swara001,Swarzak,Anthony,R,R,MIN,P
tolbm001,Tolbert,Matt,B,R,MIN,2B
yound003,Young,Delmon,R,R,MIN,OF
