axeld001,Axelrod,Dylan,R,R,CHA,P
beckg001,Beckham,Gordon,R,R,CHA,2B
brunb001,Bruney,Brian,R,R,CHA,P
buehm001,Buehrle,Mark,L,L,CHA,P
castr002,Castro,Ramon,R,R,CHA,C
craij001,Crain,Jesse,R,R,CHA,P
dankj001,Danks,John,L,L,CHA,P
deaza001,de Aza,Alejandro,L,L,CHA,OF
dunna001,Dunn,Adam,L,R,CHA,DH
escoe001,Escobar,Eduardo,B,R,CHA,SS
flowt001,Flowers,Tyler,R,R,CHA,C
floyg001,Floyd,Gavin,R,R,CHA,P
frasj002,Frasor,Jason,R,R,CHA,P
grayj002,Gray,Jeff,R,R,CHA,P
harrl002,Harrell,Lucas,B,R,CHA,P
humbp001,Humber,Philip,R,R,CHA,P
jacke001,Jackson,Edwin,R,R,CHA,P
kinnj001,Kinney,Josh,R,R,CHA,P
konep001,Konerko,Paul,R,R,CHA,1B
lillb001,Lillibridge,Brent,R,R,CHA,OF
linds001,Lindsay,Shane,R,R,CHA,P
lucyd001,Lucy,Donny,R,R,CHA,C
mcphd001,McPherson,Dallas,L,R,CHA,1B
milll002,Milledge,Lastings,R,R,CHA,OF
moreb001,Morel,Brent,R,R,CHA,3B
ohmaw001,Ohman,Will,L,L,CHA,P
peavj001,Peavy,Jake,R,R,CHA,P
penat003,Pena,Tony,R,R,CHA,P
piera001,Pierzynski,A.J.,L,R,CHA,C
pierj002,Pierre,Juan,L,L,CHA,OF
quenc001,Quentin,Carlos,R,R,CHA,OF
ramia003,Ramirez,Alexei,R,R,CHA,SS
reeda001,Reed,Addison,L,R,CHA,P
riosa002,Rios,Alex,R,R,CHA,OF
salec001,Sale,Chris,L,L,CHA,P
santh001,Santiago,Hector,R,L,CHA,P
sants001,Santos,Sergio,R,R,CHA,P
stewz001,Stewart,Zach,R,R,CHA,P
teahm001,Teahen,Mark,L,R,CHA,3B
thorm001,Thornton,Matt,L,L,CHA,P
vicid001,Viciedo,Dayan,R,R,CHA,OF
vizqo001,Vizquel,Omar,B,R,CHA,3B
